ppc,orient,logC,acc,pred
6,6,0.0,0.732500727474116,0.732015428113113
6,6,1.0,0.736246045826176,0.7346539465601124
6,6,2.0,0.736246045826176,0.7342448960222283
6,9,0.0,0.7212413055109684,0.7272614238765533
6,9,1.0,0.7324725671857545,0.7318785936960541
6,9,2.0,0.7324725671857545,0.7334481945306714
6,12,0.0,0.732500727474116,0.731978663292195
6,12,1.0,0.7412491903917097,0.738574484484197
6,12,2.0,0.7412491903917097,0.7421227366913159
8,6,0.0,0.7362413524447824,0.7392786406894662
8,6,1.0,0.7400054443224166,0.7407399585105028
8,6,2.0,0.7400054443224166,0.739153707346656
8,9,0.0,0.7412398036289226,0.7344112130692292
8,9,1.0,0.7362366590633888,0.737851182262767
8,9,2.0,0.7362366590633888,0.7382435824714216
8,12,0.0,0.7399960575596295,0.7390150291011932
8,12,1.0,0.7449851219809824,0.7444336496672325
8,12,2.0,0.7449851219809824,0.7468047012483884
12,6,0.0,0.729980381665775,0.728095244055077
12,6,1.0,0.7237100241239803,0.7272021606241879
12,6,2.0,0.7237100241239803,0.7232615082084155
12,9,0.0,0.7274835027644017,0.7230009696674848
12,9,1.0,0.7224615846732938,0.7240865376090971
12,9,2.0,0.7224615846732938,0.7221245365658261
12,12,0.0,0.7212506922737556,0.7273779389320938
12,12,1.0,0.7324960340927223,0.7304421582462075
12,12,2.0,0.7324960340927223,0.7304588085754378
